FINAL_ID,QC_CALL
FINAL-389,FAIL
FINAL-736,PASS
FINAL-460,PASS
FINAL-598,PASS
FINAL-433,PASS
FINAL-581,PASS
FINAL-007,PASS
FINAL-825,FAIL
FINAL-094,PASS
FINAL-157,PASS
FINAL-748,PASS
FINAL-095,PASS
FINAL-552,PASS
FINAL-274,PASS
FINAL-162,PASS
FINAL-474,PASS
FINAL-368,PASS
FINAL-345,PASS
FINAL-644,PASS
FINAL-333,PASS
FINAL-855,PASS
FINAL-033,PASS
FINAL-072,PASS
FINAL-058,PASS
FINAL-634,PASS
FINAL-774,PASS
FINAL-253,FAIL
FINAL-143,PASS
FINAL-364,PASS
FINAL-579,PASS
FINAL-898,PASS
FINAL-702,PASS
FINAL-074,PASS
FINAL-081,PASS
FINAL-371,PASS
FINAL-258,PASS
FINAL-659,PASS
FINAL-470,PASS
FINAL-272,FAIL
FINAL-471,PASS
FINAL-297,PASS
FINAL-678,PASS
FINAL-066,PASS
FINAL-239,PASS
FINAL-571,PASS
FINAL-765,PASS
FINAL-409,PASS
FINAL-604,FAIL
FINAL-068,PASS
FINAL-619,PASS
FINAL-096,PASS
FINAL-113,FAIL
FINAL-028,PASS
FINAL-705,PASS
FINAL-635,PASS
FINAL-795,PASS
FINAL-128,PASS
FINAL-465,PASS
FINAL-550,PASS
FINAL-430,FAIL
FINAL-883,PASS
FINAL-664,PASS
FINAL-275,PASS
FINAL-759,PASS
FINAL-624,PASS
FINAL-226,PASS
FINAL-787,PASS
FINAL-826,FAIL
FINAL-512,PASS
FINAL-674,PASS
FINAL-700,PASS
FINAL-518,PASS
FINAL-164,PASS
FINAL-406,PASS
FINAL-271,PASS
FINAL-380,PASS
FINAL-827,PASS
FINAL-763,PASS
FINAL-235,PASS
FINAL-123,PASS
FINAL-301,PASS
FINAL-542,PASS
FINAL-656,PASS
FINAL-651,PASS
FINAL-045,PASS
FINAL-559,PASS
FINAL-082,PASS
FINAL-666,PASS
FINAL-547,PASS
FINAL-031,PASS
FINAL-617,PASS
FINAL-105,PASS
FINAL-888,FAIL
FINAL-391,PASS
FINAL-251,PASS
FINAL-876,PASS
FINAL-850,PASS
FINAL-049,PASS
FINAL-719,PASS
FINAL-323,PASS
FINAL-699,PASS
FINAL-575,FAIL
FINAL-225,PASS
FINAL-868,PASS
FINAL-755,PASS
FINAL-090,PASS
FINAL-221,PASS
FINAL-842,PASS
FINAL-395,PASS
FINAL-672,PASS
FINAL-224,PASS
FINAL-605,PASS
FINAL-324,PASS
FINAL-715,FAIL
FINAL-882,PASS
FINAL-047,PASS
FINAL-567,PASS
FINAL-411,PASS
FINAL-687,PASS
FINAL-176,PASS
FINAL-147,PASS
FINAL-353,PASS
FINAL-168,PASS
FINAL-439,PASS
FINAL-522,PASS
FINAL-782,FAIL
FINAL-599,PASS
FINAL-390,PASS
FINAL-891,PASS
FINAL-778,PASS
FINAL-697,PASS
FINAL-160,PASS
FINAL-829,PASS
FINAL-071,FAIL
FINAL-788,PASS
FINAL-142,PASS
FINAL-167,FAIL
FINAL-217,PASS
FINAL-100,PASS
FINAL-104,PASS
FINAL-277,FAIL
FINAL-197,PASS
FINAL-204,PASS
FINAL-747,PASS
FINAL-692,PASS
FINAL-041,PASS
FINAL-270,PASS
FINAL-566,PASS
FINAL-506,PASS
FINAL-115,FAIL
FINAL-285,FAIL
FINAL-812,PASS
FINAL-521,PASS
FINAL-693,PASS
FINAL-734,PASS
FINAL-084,PASS
FINAL-218,PASS
FINAL-374,PASS
FINAL-349,PASS
FINAL-864,PASS
FINAL-792,FAIL
FINAL-592,PASS
FINAL-536,PASS
FINAL-388,PASS
FINAL-234,PASS
FINAL-215,PASS
